{
  "Model": "Hist Gradient Boosting",
  "Train_MAE": 0.180070773466046,
  "Train_RMSE": 0.23522739892178157,
  "Train_R2": 0.9714034854239894,
  "Train_MAPE": 0.05772292866533333,
  "Test_MAE": 0.5229351852563701,
  "Test_RMSE": 0.6781823143960284,
  "Test_R2": 0.778162019265458,
  "Test_MAPE": 0.16346640105906812,
  "Test_MAE_Original": 97.77565969055769,
  "Test_RMSE_Original": 373.78314781388417,
  "Train_Time_s": 4.037917613983154
}